album_id,album_name,num_of_photos
1,ac,78
2,blandit,10
3,molestie,18
4,sodales,22
5,"vulputate,",1
6,pede,56
7,urna.,36
8,enim.,73
9,lacus.,28
10,ultricies,50
11,risus.,89
12,risus,8
13,vitae,77
14,gravida.,90
15,Nullam,37
16,tortor.,35
17,turpis.,73
18,Aliquam,2
19,malesuada,13
20,scelerisque,29
21,Aliquam,100
22,purus,49
23,libero,33
24,Donec,35
25,auctor,12
26,orci,70
27,felis,17
28,Curabitur,32
29,tempor,46
30,convallis,97
31,"et,",75
32,a,44
33,tincidunt,60
34,pharetra.,98
35,erat,52
36,sit,41
37,Lorem,39
38,penatibus,44
39,Nunc,61
40,euismod,66
41,nibh.,81
42,et,52
43,vel,14
44,Proin,22
45,nisl,6
46,nulla.,38
47,enim.,22
48,Praesent,40
49,Donec,76
50,neque.,31
51,a,45
52,Vivamus,82
53,felis,85
54,pede.,92
55,Integer,69
56,ultrices.,16
57,magna.,96
58,blandit,54
59,iaculis,38
60,luctus,12
61,taciti,73
62,diam.,77
63,"vel,",77
64,elit,84
65,nisi,95
66,dictum.,70
67,"sem,",58
68,urna,45
69,odio.,46
70,quam.,56
71,iaculis,31
72,nec,87
73,adipiscing,80
74,"leo,",11
75,euismod,75
76,elit,17
77,arcu.,26
78,malesuada,24
79,sem,10
80,lobortis,95
81,orci,98
82,dui,37
83,"et,",83
84,ac,92
85,nibh.,26
86,vel,24
87,dictum.,56
88,Nunc,23
89,"a,",52
90,viverra.,45
91,conubia,34
92,Quisque,12
93,Phasellus,27
94,Duis,1
95,"non,",94
96,nisl.,85
97,aliquet.,46
98,eu,31
99,Nulla,60
100,nisi,32
101,elit.,5
102,ultricies,26
103,facilisi.,2
104,ultrices,39
105,Aenean,74
106,Cras,24
107,purus.,62
108,senectus,2
109,pede.,18
110,lectus.,73
111,magnis,74
112,tortor.,34
113,Mauris,49
114,adipiscing,3
115,dapibus,89
116,arcu.,16
117,nulla.,1
118,magna.,57
119,facilisis,49
120,porttitor,4
121,interdum,52
122,laoreet,5
123,Vestibulum,1
124,euismod,93
125,rhoncus.,66
126,"mauris,",50
127,mollis,68
128,risus.,1
129,eget,22
130,Fusce,36
131,et,80
132,Suspendisse,71
133,sagittis,30
134,aliquet,9
135,eget,56
136,lacinia,15
137,Proin,18
138,vulputate,16
139,aliquam,74
140,imperdiet,45
141,ac,70
142,nunc,68
143,Cras,8
144,Suspendisse,45
145,orci.,33
146,"dui,",21
147,elit,34
148,cursus,29
149,elit,68
150,Suspendisse,92
151,erat,12
152,Nunc,5
153,nunc.,20
154,Suspendisse,22
155,ornare,97
156,placerat,73
157,eu,45
158,ornare,74
159,adipiscing,68
160,mauris,41
161,Praesent,57
162,risus.,80
163,augue,94
164,non,96
165,auctor,53
166,Cras,4
167,sociis,68
168,semper,69
169,nec,31
170,sit,71
171,dictum.,68
172,Vivamus,47
173,velit.,69
174,Sed,5
175,posuere,97
176,egestas,56
177,Nunc,45
178,risus.,57
179,libero.,94
180,mus.,47
181,Sed,7
182,egestas,12
183,nec,20
184,eget,36
185,"non,",22
186,dictum,39
187,Donec,67
188,Integer,9
189,nisi,31
190,parturient,43
191,mi,13
192,justo,61
193,Donec,66
194,gravida.,30
195,orci,45
196,purus.,50
197,"elementum,",69
198,fringilla,8
199,ipsum.,36
200,nibh.,42
201,"non,",100
202,neque.,60
203,magna.,28
204,magna.,25
205,condimentum.,53
206,arcu,85
207,"auctor,",67
208,sed,70
209,sit,12
210,Proin,14
211,dolor,19
212,egestas,69
213,non,39
214,blandit.,57
215,arcu.,96
216,"vitae,",79
217,sit,19
218,"non,",98
219,malesuada,88
220,amet,57
221,tempus,21
222,mauris,100
223,et,4
224,Aliquam,94
225,tellus.,85
226,"sem,",19
227,"odio,",36
228,orci.,66
229,massa.,56
230,"ornare,",41
231,per,47
232,rutrum,8
233,Curabitur,99
234,lacus.,82
235,eget,33
236,"eget,",24
237,"leo,",31
238,Nunc,42
239,augue,81
240,non,89
241,dolor,39
242,magna.,46
243,est,54
244,arcu,38
245,molestie,13
246,nisl,44
247,enim,92
248,sit,13
249,eget,75
250,cursus,26
251,fringilla,7
252,libero.,67
253,sit,62
254,auctor,27
255,nisl.,4
256,ridiculus,25
257,orci,42
258,molestie,5
259,consectetuer,78
260,"id,",11
261,tellus,12
262,mattis,47
263,urna,46
264,"leo,",70
265,augue,28
266,arcu.,93
267,euismod,57
268,sodales,42
269,facilisi.,65
270,neque,87
271,conubia,57
272,mollis,64
273,"ut,",47
274,"ornare,",70
275,semper,78
276,est.,94
277,Sed,37
278,dui,99
279,interdum.,22
280,"nec,",26
281,"vitae,",93
282,ut,16
283,tristique,70
284,neque.,3
285,euismod,19
286,mollis,60
287,nunc,5
288,dui.,27
289,iaculis,38
290,auctor,37
291,ipsum,54
292,vehicula,53
293,purus.,39
294,aliquam,83
295,Etiam,44
296,"nec,",96
297,ultrices,72
298,Donec,78
299,arcu.,69
300,eu,59
301,amet,63
302,erat.,63
303,nonummy,77
304,risus.,15
305,Nulla,58
306,lorem,23
307,"urna,",76
308,aliquam,40
309,"vulputate,",13
310,augue.,33
311,magna.,69
312,"tincidunt,",57
313,iaculis,18
314,eu,39
315,"laoreet,",94
316,sed,22
317,auctor,90
318,"amet,",66
319,non,42
320,cursus.,69
321,sed,8
322,Etiam,76
323,mi.,49
324,Phasellus,83
325,nunc,16
326,"placerat,",24
327,"et,",46
328,"ornare,",40
329,"aliquet,",16
330,ac,33
331,fermentum,76
332,"non,",99
333,semper.,43
334,massa.,84
335,ornare.,34
336,vulputate,81
337,dui,56
338,ornare,79
339,parturient,36
340,Nam,95
341,dictum,50
342,magnis,53
343,feugiat.,20
344,Vivamus,61
345,id,48
346,neque.,43
347,ac,46
348,in,29
349,molestie,20
350,posuere,17
351,lacinia,3
352,libero,22
353,consectetuer,19
354,placerat,53
355,pede.,68
356,sapien.,28
357,gravida.,79
358,Sed,73
359,magna.,23
360,Donec,86
361,tellus.,7
362,sollicitudin,86
363,"lorem,",81
364,turpis.,26
365,justo,76
366,Praesent,88
367,"non,",95
368,blandit,59
369,"non,",55
370,"vulputate,",20
371,ultrices,69
372,imperdiet,55
373,fringilla,25
374,sagittis.,27
375,mauris,59
376,Cras,50
377,Duis,27
378,fringilla,50
379,"est,",11
380,scelerisque,58
381,nibh.,92
382,nunc,45
383,nulla,48
384,ipsum.,93
385,"sed,",81
386,sapien.,43
387,"ut,",98
388,turpis,78
389,"ac,",12
390,rhoncus.,67
391,quam,3
392,magna.,11
393,Donec,33
394,lacinia,6
395,tellus,74
396,enim.,53
397,ligula.,56
398,dolor.,46
399,non,69
400,adipiscing,14
401,sollicitudin,51
402,Fusce,88
403,pede,85
404,"urna,",4
405,molestie,36
406,adipiscing.,89
407,ligula.,62
408,at,63
409,vitae,84
410,libero,52
411,"congue,",30
412,magnis,26
413,convallis,89
414,Class,30
415,dolor.,89
416,"at,",53
417,blandit,91
418,"aliquam,",75
419,sit,60
420,Vivamus,8
421,"consectetuer,",69
422,Aliquam,11
423,Vestibulum,14
424,dui.,91
425,gravida.,94
426,magna.,56
427,iaculis,27
428,"consequat,",94
429,Integer,34
430,semper,23
431,tellus.,60
432,ac,78
433,"at,",93
434,"vel,",47
435,dictum,45
436,rhoncus.,49
437,faucibus,49
438,In,15
439,auctor,98
440,magnis,36
441,"sapien,",36
442,Nulla,5
443,pellentesque,4
444,Nulla,26
445,nisl,91
446,"amet,",40
447,Vivamus,11
448,nisl,61
449,orci.,99
450,gravida,5
451,rutrum,18
452,neque.,13
453,ligula.,99
454,elementum,23
455,nibh,42
456,"non,",88
457,Vestibulum,7
458,fringilla,93
459,Suspendisse,89
460,"elit,",77
461,diam.,45
462,eleifend,64
463,Nam,20
464,Integer,94
465,Vestibulum,96
466,malesuada,50
467,aliquet.,59
468,natoque,43
469,elit,41
470,Ut,94
471,nisl,43
472,"elementum,",32
473,consectetuer,70
474,luctus,3
475,at,84
476,"eget,",21
477,penatibus,58
478,ligula.,83
479,Cras,53
480,"et,",80
481,"id,",24
482,sem,18
483,ut,67
484,semper,64
485,Aenean,79
486,Aliquam,46
487,"dui,",48
488,laoreet,12
489,non,27
490,orci,46
491,aliquam,78
492,Aliquam,45
493,ipsum.,48
494,"dui,",85
495,vulputate,15
496,mauris,57
497,Nulla,29
498,turpis.,100
499,"et,",1
500,ut,69
501,eu,49
502,Pellentesque,44
503,feugiat.,48
504,Cras,7
505,egestas,37
506,sem,19
507,in,60
508,mauris,72
509,egestas,39
510,laoreet,67
511,enim.,68
512,Phasellus,44
513,sed,4
514,"scelerisque,",91
515,blandit,51
516,Mauris,36
517,nisi.,77
518,mi.,96
519,Donec,93
520,ut,19
521,arcu.,4
522,pretium,12
523,fringilla,45
524,lobortis,48
525,gravida,35
526,luctus,36
527,torquent,45
528,velit,74
529,Duis,55
530,Integer,86
531,volutpat.,70
532,quam,47
533,fringilla,74
534,rutrum,12
535,sed,4
536,dolor.,3
537,"nec,",94
538,"lacus,",57
539,velit,78
540,varius,54
541,"id,",35
542,"at,",98
543,aliquam,62
544,Donec,1
545,lacus.,62
546,turpis.,25
547,Cras,8
548,neque.,32
549,Curabitur,22
550,varius,52
551,et,1
552,eu,67
553,ornare.,53
554,amet,4
555,"nunc,",52
556,nec,17
557,mauris,5
558,ridiculus,53
559,"aliquam,",70
560,mollis,47
561,"ac,",51
562,Quisque,18
563,malesuada,67
564,augue.,57
565,inceptos,96
566,Donec,28
567,Sed,98
568,at,61
569,morbi,2
570,facilisis,79
571,Sed,18
572,torquent,35
573,lacinia,20
574,sociis,24
575,cursus,9
576,erat,53
577,volutpat,90
578,sollicitudin,80
579,nunc,2
580,nunc,69
581,lorem,99
582,Etiam,23
583,ad,11
584,ridiculus,48
585,varius,46
586,Ut,51
587,Donec,98
588,lobortis,10
589,Morbi,87
590,fringilla,55
591,Vivamus,98
592,vulputate,25
593,tellus.,96
594,Mauris,88
595,Integer,22
596,gravida.,2
597,"mauris,",28
598,aliquet,70
599,Nullam,8
600,sagittis,8
601,ac,77
602,"montes,",12
603,Morbi,79
604,tempus,50
605,gravida,26
606,pulvinar,39
607,odio.,77
608,"vel,",84
609,tempus,4
610,"sed,",66
611,mattis,66
612,Morbi,59
613,elit,49
614,non,36
615,amet,65
616,magnis,71
617,ac,50
618,orci.,83
619,quam,11
620,sem.,17
621,Donec,5
622,vitae,7
623,"enim,",21
624,ipsum,57
625,malesuada,42
626,taciti,69
627,Nunc,42
628,malesuada,79
629,ridiculus,50
630,metus,92
631,tortor.,43
632,Phasellus,81
633,eget,67
634,magna,5
635,nec,23
636,"elit,",47
637,"vulputate,",95
638,vulputate,76
639,dui.,67
640,dolor,67
641,sociis,1
642,nascetur,71
643,semper.,62
644,gravida,21
645,Fusce,82
646,vehicula,78
647,Donec,63
648,nunc.,83
649,in,92
650,"vel,",27
651,diam,68
652,tempus,20
653,ut,46
654,luctus,85
655,est,80
656,est,82
657,sagittis,97
658,bibendum.,60
659,"at,",83
660,"vel,",68
661,sagittis,58
662,magna,44
663,dolor.,76
664,"est,",42
665,lectus,55
666,ac,24
667,egestas.,60
668,eu,83
669,netus,19
670,Suspendisse,3
671,vel,6
672,"eget,",6
673,"nec,",51
674,arcu,36
675,velit.,39
676,turpis,70
677,semper,92
678,Proin,49
679,mauris.,8
680,elit.,71
681,dolor.,80
682,"congue,",90
683,commodo,96
684,odio.,24
685,iaculis,20
686,Duis,87
687,Aliquam,37
688,vel,11
689,nunc.,78
690,semper,36
691,augue,70
692,Fusce,2
693,vel,4
694,Suspendisse,34
695,in,49
696,eleifend.,55
697,neque.,35
698,Nunc,97
699,Nulla,51
700,interdum.,96
701,nulla.,11
702,auctor,25
703,lectus.,15
704,auctor,7
705,augue,51
706,a,47
707,facilisis,21
708,Integer,7
709,Sed,99
710,lacus.,74
711,non,10
712,Aenean,88
713,risus.,68
714,turpis,42
715,purus,29
716,molestie,89
717,mi,54
718,Pellentesque,71
719,"orci,",50
720,tellus.,51
721,"at,",78
722,interdum,71
723,semper,7
724,Sed,10
725,dolor.,36
726,Integer,60
727,aliquet,82
728,"ac,",14
729,aliquam,87
730,posuere,93
731,rhoncus,20
732,Phasellus,87
733,rhoncus.,17
734,eget,64
735,iaculis,6
736,leo.,35
737,amet,3
738,lacus.,8
739,orci.,45
740,"mauris,",65
741,Curabitur,11
742,Duis,33
743,sodales,89
744,pellentesque.,79
745,sagittis.,99
746,Nunc,52
747,eu,99
748,consectetuer,36
749,"vel,",42
750,Donec,20
751,lacus.,82
752,ac,90
753,orci.,42
754,Vivamus,44
755,amet,66
756,vitae,31
757,dolor.,62
758,ut,8
759,erat,4
760,Nulla,89
761,Donec,70
762,eu,82
763,faucibus,71
764,in,12
765,pede.,95
766,neque.,23
767,"felis,",61
768,et,67
769,Etiam,54
770,Sed,42
771,Phasellus,44
772,justo.,16
773,euismod,24
774,pede.,27
775,aliquam,1
776,taciti,92
777,arcu.,28
778,Etiam,24
779,Donec,69
780,magna.,39
781,"nec,",22
782,Maecenas,20
783,hymenaeos.,28
784,ridiculus,81
785,massa.,9
786,tincidunt,17
787,Nullam,26
788,aliquam,38
789,Vivamus,62
790,semper,11
791,purus,81
792,ornare.,91
793,Sed,10
794,Sed,7
795,Proin,100
796,eu,75
797,Nunc,11
798,lectus.,71
799,massa.,64
800,libero,86
801,at,89
802,enim,5
803,mi,62
804,Suspendisse,73
805,quis,62
806,ultrices,96
807,Cras,8
808,Morbi,16
809,diam,41
810,Sed,7
811,"eu,",96
812,netus,55
813,aliquam,22
814,orci,44
815,Integer,8
816,euismod,23
817,Sed,85
818,nec,23
819,nisi.,31
820,Mauris,99
821,sit,19
822,non,14
823,ante.,3
824,"ac,",92
825,Duis,58
826,aliquet,84
827,"mauris,",69
828,nulla.,9
829,eget,59
830,"ullamcorper,",8
831,In,19
832,non,79
833,"ut,",86
834,diam.,92
835,ut,78
836,mauris.,18
837,Sed,37
838,risus.,7
839,nec,11
840,nibh,89
841,sit,32
842,quis,43
843,"et,",96
844,nisl,83
845,iaculis,48
846,eros,65
847,ornare,50
848,ultricies,29
849,arcu,19
850,ut,43
851,facilisis,66
852,Aenean,81
853,Sed,82
854,metus,2
855,enim.,12
856,Phasellus,8
857,mauris,32
858,felis,77
859,Sed,63
860,Duis,74
861,Donec,47
862,Praesent,24
863,lacinia.,22
864,habitant,86
865,turpis,41
866,malesuada,20
867,adipiscing.,86
868,posuere,84
869,per,13
870,Morbi,64
871,eget,42
872,vitae,21
873,blandit,16
874,"lobortis,",86
875,Suspendisse,49
876,non,99
877,"vitae,",94
878,commodo,75
879,metus.,43
880,elementum,91
881,vitae,87
882,neque,29
883,"at,",99
884,cursus,28
885,Proin,93
886,lorem,86
887,iaculis,57
888,at,17
889,inceptos,38
890,torquent,30
891,ultricies,76
892,aliquet,34
893,blandit,75
894,molestie,25
895,Cras,41
896,mauris,9
897,ornare.,69
898,amet,23
899,mi,24
900,ut,71
901,"non,",61
902,at,41
903,ipsum,46
904,parturient,59
905,Integer,5
906,porttitor,47
907,et,51
908,enim,27
909,magna.,13
910,ipsum.,94
911,ad,18
912,semper,80
913,massa.,23
914,consectetuer,48
915,nibh,50
916,Phasellus,1
917,fringilla,81
918,"orci,",77
919,ridiculus,15
920,eleifend,54
921,Suspendisse,31
922,ornare,30
923,"quis,",13
924,Donec,73
925,consequat,83
926,natoque,84
927,natoque,10
928,"nec,",27
929,egestas,53
930,ipsum.,75
931,arcu,95
932,Suspendisse,23
933,ligula.,85
934,"congue,",12
935,libero.,87
936,eleifend,58
937,mattis,54
938,erat,73
939,aliquet.,29
940,eros,61
941,ultrices,41
942,consectetuer,41
943,malesuada,32
944,"eget,",59
945,"nec,",37
946,dolor,82
947,ac,40
948,in,77
949,odio.,82
950,a,40
951,ut,17
952,Cum,9
953,sociis,33
954,semper,27
955,"purus,",22
956,Mauris,58
957,risus.,92
958,ipsum.,57
959,ipsum,17
960,Etiam,39
961,Fusce,97
962,rutrum.,46
963,vitae,95
964,feugiat,9
965,malesuada,66
966,aliquet,85
967,ligula.,14
968,vitae,98
969,facilisis,42
970,nibh.,67
971,Sed,30
972,rutrum,5
973,Fusce,58
974,viverra.,62
975,eleifend,95
976,sagittis,92
977,ipsum,30
978,pede,16
979,vel,70
980,fermentum,72
981,fringilla.,80
982,mauris,17
983,Duis,81
984,"ut,",18
985,erat,53
986,euismod,52
987,"lectus,",52
988,elit,1
989,ut,87
990,laoreet,84
991,euismod,91
992,ligula,30
993,cursus,78
994,eget,79
995,Phasellus,21
996,ultricies,83
997,feugiat,52
998,posuere,32
999,dui,31
1000,ante.,1
1001,arcu,47
1002,dis,10
1003,ipsum.,77
1004,purus.,98
1005,nascetur,95
1006,aliquet,32
1007,lacus,65
1008,pellentesque,75
1009,ligula.,33
1010,"nec,",94
1011,neque,54
1012,neque.,37
1013,congue,3
1014,Nulla,30
1015,semper,9
1016,Nulla,45
1017,neque.,51
1018,"pede,",71
1019,massa,26
1020,urna,81
1021,cursus,17
1022,magna,35
1023,pede,58
1024,"id,",59
1025,egestas,36
1026,lorem,85
1027,"lorem,",84
1028,mauris,45
1029,purus.,68
1030,"semper,",56
1031,odio,57
1032,blandit,39
1033,Curae,22
1034,augue,5
1035,eu,3
1036,tincidunt,62
1037,malesuada,99
1038,lectus,57
1039,ac,46
1040,facilisis,82
1041,penatibus,3
1042,euismod,66
1043,sit,89
1044,tellus,87
1045,eget,6
1046,congue.,29
1047,"at,",45
1048,dignissim,6
1049,Sed,23
1050,blandit,52
1051,nibh.,91
1052,dui.,70
1053,"vitae,",5
1054,"rutrum,",14
1055,quam,100
1056,"ut,",74
1057,mauris.,3
1058,laoreet,39
1059,Mauris,92
1060,ac,76
1061,dui,40
1062,eros,32
1063,ridiculus,70
1064,tempus,88
1065,Integer,43
1066,Integer,89
1067,Integer,64
1068,parturient,2
1069,Aliquam,99
1070,"non,",14
1071,dui,41
1072,eu,49
1073,urna,54
1074,"montes,",54
1075,feugiat,49
1076,a,54
1077,"eget,",85
1078,leo.,69
1079,lectus,11
1080,nibh,91
1081,Sed,67
1082,Cum,31
1083,id,25
1084,"elit,",89
1085,"ornare,",54
1086,Nunc,34
1087,posuere,24
1088,facilisis,79
1089,"elit,",29
1090,"non,",44
1091,sem,32
1092,eu,52
1093,eu,3
1094,Integer,93
1095,Donec,89
1096,Nulla,35
1097,molestie,66
1098,quam.,95
1099,vel,53
1100,magnis,11
1101,molestie,64
1102,mus.,53
1103,turpis,33
1104,Phasellus,37
1105,accumsan,44
1106,Duis,67
1107,"tincidunt,",69
1108,orci,52
1109,Quisque,31
1110,pede.,13
1111,leo.,50
1112,felis,24
1113,Pellentesque,65
1114,egestas,56
1115,litora,16
1116,Curabitur,59
1117,elit,12
1118,ipsum.,61
1119,"a,",14
1120,nonummy,41
1121,dictum.,48
1122,magna.,27
1123,Sed,12
1124,"placerat,",68
1125,Suspendisse,51
1126,"vitae,",28
1127,pede,41
1128,dis,54
1129,viverra.,98
1130,posuere,65
1131,nunc,84
1132,Proin,19
1133,orci,81
1134,justo,61
1135,ligula.,10
1136,semper,65
1137,convallis,57
1138,lacus.,8
1139,neque.,73
1140,libero.,45
1141,dignissim.,40
1142,nec,82
1143,Sed,93
1144,"eleifend,",69
1145,et,49
1146,elit.,96
1147,ac,2
1148,Vestibulum,54
1149,"ut,",41
1150,fermentum,34
1151,non,33
1152,orci.,12
1153,sit,47
1154,Nunc,94
1155,tincidunt,60
1156,Duis,64
1157,ultrices,3
1158,in,12
1159,ornare.,22
1160,parturient,5
1161,enim.,75
1162,gravida,82
1163,amet,73
1164,adipiscing,82
1165,Duis,97
1166,ligula,85
1167,Vivamus,31
1168,Quisque,100
1169,Aliquam,7
1170,convallis,52
1171,Quisque,12
1172,Integer,23
1173,arcu.,84
1174,"ornare,",54
1175,dignissim,23
1176,Praesent,55
1177,torquent,100
1178,dis,31
1179,"vulputate,",78
1180,dolor.,47
1181,"purus,",91
1182,vitae,84
1183,"vitae,",98
1184,feugiat,50
1185,sodales.,39
1186,odio.,95
1187,rutrum,15
1188,taciti,48
1189,malesuada,46
1190,"ullamcorper,",93
1191,magnis,35
1192,"non,",90
1193,Vestibulum,88
1194,non,37
1195,dapibus,53
1196,ornare,68
1197,ac,5
1198,mattis,44
1199,Pellentesque,23
1200,Duis,8
1201,mus.,91
1202,dui,74
1203,"ornare,",3
1204,bibendum,4
1205,ultrices.,35
1206,massa.,27
1207,lacinia,40
1208,Mauris,69
1209,sapien,99
1210,"eu,",82
1211,non,65
1212,egestas.,72
1213,ornare,94
1214,Duis,7
1215,primis,18
1216,"nec,",71
1217,"elit,",6
1218,"et,",64
1219,nisi,38
1220,leo.,47
1221,Nullam,40
1222,sapien,4
1223,magnis,30
1224,a,46
1225,sit,85
1226,vulputate,6
1227,Mauris,90
1228,mi.,63
1229,Ut,11
1230,purus,94
1231,ultrices.,35
1232,penatibus,68
1233,"eu,",46
1234,tortor.,88
1235,aliquam,78
1236,"enim,",28
1237,hymenaeos.,24
1238,feugiat,95
1239,metus.,65
1240,commodo,43
1241,sit,71
1242,malesuada,55
1243,a,38
1244,mauris,11
1245,amet,6
1246,sollicitudin,1
1247,magnis,66
1248,dapibus,62
1249,"placerat,",87
1250,"eu,",65
1251,facilisis,31
1252,egestas,80
1253,sodales,8
1254,Praesent,2
1255,"at,",50
1256,mattis.,9
1257,"vestibulum,",48
1258,tristique,59
1259,In,74
1260,"et,",67
1261,In,55
1262,"tincidunt,",19
1263,cubilia,62
1264,pharetra,12
1265,commodo,64
1266,eleifend,5
1267,nulla.,41
1268,amet,93
1269,accumsan,22
1270,Integer,33
1271,"in,",36
1272,"pellentesque,",44
1273,a,71
1274,sollicitudin,24
1275,ultrices,19
1276,Aliquam,91
1277,blandit.,11
1278,"augue,",56
1279,at,1
1280,libero,72
1281,quam,35
1282,"vulputate,",8
1283,rutrum,52
1284,ligula.,12
1285,at,95
1286,amet,58
1287,est,8
1288,tortor,35
1289,dolor,54
1290,"orci,",74
1291,Donec,94
1292,neque.,97
1293,eget,92
1294,"lacus,",65
1295,nisi,63
1296,risus.,4
1297,libero.,72
1298,"non,",90
1299,ipsum,48
1300,faucibus,29
1301,Morbi,50
1302,"et,",2
1303,interdum,61
1304,adipiscing,55
1305,Nulla,79
1306,per,95
1307,auctor,93
1308,lobortis,26
1309,cursus.,20
1310,ut,24
1311,"egestas,",75
1312,dictum,68
1313,adipiscing.,61
1314,Nam,7
1315,iaculis,46
1316,"tempus,",90
1317,"ac,",47
1318,ac,18
1319,Nunc,23
1320,Nullam,78
1321,metus.,60
1322,ridiculus,68
1323,luctus.,38
1324,sagittis,68
1325,habitant,7
1326,in,7
1327,diam.,97
1328,diam,84
1329,augue,88
1330,Fusce,4
1331,sit,50
1332,bibendum.,76
1333,sed,2
1334,pretium,52
1335,Cras,51
1336,amet,8
1337,luctus,97
1338,nec,55
1339,elit.,83
1340,torquent,9
1341,arcu.,62
1342,mattis,65
1343,augue,80
1344,risus.,74
1345,orci,79
1346,purus.,69
1347,egestas,73
1348,Nunc,28
1349,"montes,",16
1350,magna.,62
1351,lacus,12
1352,"non,",84
1353,Duis,19
1354,"magna,",18
1355,dui,43
1356,mauris,41
1357,"montes,",93
1358,amet,53
1359,Maecenas,14
1360,Nulla,86
1361,"eu,",1
1362,netus,92
1363,quis,96
1364,iaculis,56
1365,justo.,61
1366,tincidunt,75
1367,"a,",80
1368,eu,81
1369,vitae,83
1370,vitae,48
1371,augue,46
1372,Nunc,53
1373,"et,",8
1374,diam,41
1375,adipiscing.,68
1376,arcu.,59
1377,interdum,41
1378,orci.,57
1379,Curabitur,82
1380,in,16
1381,euismod,58
1382,ipsum,80
1383,lorem,1
1384,In,80
1385,ut,34
1386,dolor,21
1387,commodo,40
1388,Nullam,100
1389,lacinia,89
1390,consectetuer,6
1391,venenatis,10
1392,sit,41
1393,arcu.,96
1394,sociis,84
1395,faucibus.,81
1396,tincidunt,73
1397,"dui,",21
1398,"eu,",56
1399,felis,39
1400,"eleifend,",17
1401,diam.,92
1402,sapien.,71
1403,fringilla,67
1404,metus.,61
1405,"ullamcorper,",42
1406,Proin,31
1407,elit.,4
1408,nisi.,100
1409,semper,39
1410,"et,",39
1411,sociosqu,80
1412,Cras,41
1413,dignissim,98
1414,Vivamus,51
1415,"iaculis,",67
1416,nunc,19
1417,congue,100
1418,"vulputate,",22
1419,iaculis,31
1420,egestas,68
1421,eget,28
1422,euismod,5
1423,magna.,22
1424,pretium,31
1425,Mauris,15
1426,ultricies,94
1427,"nunc,",9
1428,justo.,35
1429,vulputate,82
1430,vitae,29
1431,"id,",35
1432,aliquet.,70
1433,scelerisque,44
1434,netus,91
1435,auctor,53
1436,commodo,50
1437,"non,",28
1438,Mauris,30
1439,sociis,14
1440,magnis,57
1441,morbi,27
1442,cursus.,65
1443,justo,57
1444,egestas,92
1445,lacus.,61
1446,"mauris,",9
1447,penatibus,22
1448,"nec,",22
1449,Nulla,37
1450,nisi.,78
1451,pretium,81
1452,egestas.,27
1453,Proin,2
1454,lacinia,73
1455,Sed,38
1456,aliquam,75
1457,a,73
1458,"vitae,",43
1459,vitae,72
1460,eros,44
1461,sem,94
1462,In,82
1463,tincidunt,41
1464,malesuada,83
1465,a,45
1466,ut,44
1467,pede,34
1468,arcu,76
1469,mi,78
1470,dignissim,6
1471,sodales,99
1472,litora,76
1473,nisl.,81
1474,dictum.,7
1475,ipsum,16
1476,Etiam,80
1477,pede.,93
1478,dui,4
1479,Donec,81
1480,"erat,",72
1481,amet,55
1482,consectetuer,60
1483,Nam,64
1484,ultrices,87
1485,per,40
1486,ipsum,89
1487,mi,95
1488,mauris,83
1489,"vel,",55
1490,augue,21
1491,commodo,78
1492,quam,57
1493,molestie,4
1494,"ornare,",73
1495,"enim,",18
1496,posuere,92
1497,dictum,21
1498,Suspendisse,14
1499,magna,40
1500,habitant,25
1501,natoque,82
1502,egestas,21
1503,Aenean,52
1504,arcu.,2
1505,"magna,",11
1506,blandit,92
1507,sit,30
1508,"elementum,",32
1509,a,11
1510,varius,3
1511,risus.,80
1512,sit,22
1513,"orci,",20
1514,penatibus,97
1515,faucibus,32
1516,Aenean,65
1517,mus.,14
1518,Nullam,88
1519,fringilla,47
1520,"eleifend,",34
1521,orci,69
1522,malesuada,41
1523,semper,51
1524,"quis,",59
1525,ligula.,17
1526,"vulputate,",12
1527,egestas,97
1528,amet,19
1529,arcu.,91
1530,Proin,51
1531,nisl,49
1532,In,3
1533,"facilisis,",17
1534,odio,71
1535,Ut,3
1536,dis,28
1537,"convallis,",19
1538,vestibulum,69
1539,Donec,13
1540,mauris,85
1541,luctus,27
1542,"mi,",98
1543,lobortis,35
1544,Ut,96
1545,nec,95
1546,consequat,60
1547,erat,49
1548,ante,4
1549,"aliquet,",71
1550,placerat.,12
1551,eleifend,12
1552,vulputate,80
1553,faucibus,64
1554,adipiscing,88
1555,tristique,49
1556,Proin,91
1557,cursus,26
1558,pharetra,3
1559,Nullam,42
1560,Donec,45
1561,Duis,80
1562,Etiam,71
1563,mollis,29
1564,molestie,37
1565,dolor.,29
1566,metus,18
1567,magna,48
1568,scelerisque,89
1569,a,66
1570,nisl,99
1571,nibh,15
1572,justo,58
1573,Duis,1
1574,parturient,42
1575,"eget,",59
1576,tellus,30
1577,dis,49
1578,eleifend,73
1579,Cras,39
1580,tempor,11
1581,non,15
1582,ipsum,25
1583,scelerisque,66
1584,eu,26
1585,a,24
1586,blandit,35
1587,justo,32
1588,"tincidunt,",69
1589,ac,96
1590,turpis.,81
1591,risus.,21
1592,massa.,73
1593,ultricies,96
1594,sapien.,3
1595,Proin,11
1596,"non,",64
1597,volutpat,89
1598,nascetur,77
1599,Duis,94
1600,Duis,64
1601,fermentum,83
1602,urna,2
1603,sapien.,31
1604,mi,83
1605,"orci,",71
1606,euismod,46
1607,justo,6
1608,lacinia,3
1609,Fusce,12
1610,sodales.,62
1611,augue,13
1612,erat,87
1613,ipsum,94
1614,"non,",1
1615,interdum.,13
1616,metus,7
1617,"ac,",91
1618,nonummy,23
1619,Aliquam,54
1620,dui.,49
1621,Donec,11
1622,"tempor,",76
1623,Sed,36
1624,gravida.,40
1625,pharetra,60
1626,in,99
1627,semper,2
1628,Donec,53
1629,at,52
1630,"pede,",51
1631,"a,",16
1632,eu,29
1633,tortor.,77
1634,in,33
1635,mattis.,44
1636,scelerisque,81
1637,"eget,",66
1638,tempor,62
1639,"elementum,",48
1640,magna,20
1641,"auctor,",22
1642,mus.,85
1643,Nullam,5
1644,neque,7
1645,sodales,37
1646,quam.,39
1647,"tellus,",38
1648,penatibus,21
1649,ipsum,41
1650,tristique,88
1651,"elementum,",78
1652,diam.,96
1653,tincidunt,15
1654,consequat,92
1655,neque.,54
1656,ut,84
1657,"pede,",29
1658,pellentesque,75
1659,lorem,78
1660,In,82
1661,interdum.,80
1662,eros,86
1663,vitae,78
1664,"amet,",39
1665,metus.,80
1666,tortor.,64
1667,euismod,95
1668,sodales,98
1669,sapien,82
1670,arcu.,34
1671,"orci,",88
1672,"semper,",25
1673,ut,80
1674,"magna,",95
1675,facilisis,78
1676,Nunc,2
1677,cursus,11
1678,arcu,98
1679,condimentum.,99
1680,Integer,59
1681,"elit,",99
1682,Mauris,79
1683,imperdiet,1
1684,in,51
1685,vestibulum,66
1686,"ultrices,",94
1687,nisi.,12
1688,scelerisque,84
1689,penatibus,26
1690,Nam,29
1691,"posuere,",93
1692,egestas.,73
1693,nisi.,19
1694,"pharetra,",48
1695,Pellentesque,91
1696,pede.,12
1697,nec,92
1698,porttitor,15
1699,"non,",59
1700,Aenean,56
1701,"et,",69
1702,arcu,87
1703,vitae,43
1704,orci.,84
1705,velit.,45
1706,ut,25
1707,est.,16
1708,nascetur,49
1709,neque,6
1710,luctus,52
1711,"scelerisque,",40
1712,vehicula.,81
1713,arcu,60
1714,"lacus,",44
1715,sed,71
1716,eu,54
1717,cursus,19
1718,"vitae,",54
1719,sit,96
1720,quis,45
1721,eget,78
1722,et,6
1723,sed,22
1724,egestas,3
1725,Aliquam,57
1726,"auctor,",31
1727,nisi,74
1728,dis,30
1729,scelerisque,99
1730,Praesent,75
1731,turpis,77
1732,"a,",66
1733,orci,55
1734,tortor,29
1735,aliquet,37
1736,elementum,10
1737,"est,",10
1738,sagittis,7
1739,"pede,",1
1740,"eu,",80
1741,sodales,23
1742,interdum,39
1743,leo.,35
1744,congue.,30
1745,enim.,50
1746,ante.,38
1747,tellus,51
1748,quam,31
1749,purus,66
1750,magna.,62
1751,"mi,",44
1752,posuere,53
1753,pharetra,36
1754,dui.,53
1755,lacus.,60
1756,"a,",53
1757,Aenean,11
1758,augue,33
1759,Sed,48
1760,bibendum,60
1761,dapibus,63
1762,consectetuer,68
1763,blandit,80
1764,auctor,47
1765,Integer,26
1766,ipsum.,26
1767,arcu.,30
1768,eu,6
1769,nonummy,14
1770,Nulla,33
1771,consectetuer,36
1772,Cras,58
1773,auctor.,25
1774,justo,15
1775,"pede,",73
1776,lacinia,37
1777,nunc,96
1778,velit,30
1779,Donec,7
1780,Phasellus,1
1781,nec,93
1782,"luctus,",63
1783,ipsum.,69
1784,"orci,",14
1785,in,72
1786,interdum,89
1787,Etiam,48
1788,vel,76
1789,"posuere,",59
1790,"erat,",78
1791,adipiscing,34
1792,in,30
1793,"at,",87
1794,justo,89
1795,eu,72
1796,dolor,41
1797,semper,16
1798,Nulla,93
1799,arcu.,33
1800,sem,33
1801,euismod,50
1802,Proin,47
1803,"magna,",7
1804,"lorem,",83
1805,amet,42
1806,enim.,82
1807,in,82
1808,ad,10
1809,in,84
1810,"nec,",4
1811,Aliquam,2
1812,sem,58
1813,consectetuer,78
1814,tellus,58
1815,libero.,56
1816,"elementum,",74
1817,Cras,62
1818,odio.,54
1819,vitae,39
1820,"at,",22
1821,"ornare,",19
1822,Aenean,33
1823,dolor,1
1824,aliquet,24
1825,ante,1
1826,molestie,64
1827,at,24
1828,Donec,85
1829,nunc,74
1830,risus.,64
1831,volutpat,19
1832,Nunc,65
1833,iaculis,52
1834,fames,30
1835,interdum,46
1836,eleifend.,71
1837,velit,29
1838,egestas,94
1839,ac,47
1840,"id,",67
1841,Suspendisse,87
1842,congue,32
1843,ad,33
1844,commodo,13
1845,eu,88
1846,velit.,42
1847,penatibus,1
1848,odio,94
1849,scelerisque,30
1850,Phasellus,77
1851,"eget,",87
1852,"orci,",6
1853,ridiculus,10
1854,ipsum.,34
1855,"facilisis,",40
1856,turpis,93
1857,ac,78
1858,nibh.,72
1859,"orci,",43
1860,dolor,52
1861,nibh,40
1862,ac,54
1863,"elit,",86
1864,morbi,19
1865,"nec,",88
1866,Suspendisse,8
1867,at,65
1868,Nam,70
1869,"quis,",3
1870,Suspendisse,16
1871,Duis,25
1872,enim.,84
1873,nulla.,49
1874,orci,24
1875,vitae,26
1876,"mauris,",68
1877,tellus,86
1878,Etiam,35
1879,Duis,84
1880,Sed,62
1881,augue,84
1882,rhoncus.,75
1883,ac,97
1884,Donec,91
1885,nunc,79
1886,vel,96
1887,senectus,67
1888,a,69
1889,"amet,",12
1890,lobortis,92
1891,mi,15
1892,"lorem,",21
1893,nec,86
1894,ornare.,88
1895,pulvinar,80
1896,ante,85
1897,netus,88
1898,faucibus,59
1899,porttitor,61
1900,tellus.,88
1901,dictum,14
1902,"enim,",31
1903,malesuada,75
1904,nibh.,63
1905,mauris,18
1906,Suspendisse,36
1907,velit,41
1908,gravida,84
1909,et,1
1910,urna,25
1911,sociis,98
1912,"eleifend,",58
1913,ac,81
1914,eu,29
1915,In,94
1916,in,62
1917,sem,87
1918,conubia,52
1919,Nulla,62
1920,id,54
1921,Nam,84
1922,"ullamcorper,",10
1923,velit,33
1924,"enim,",18
1925,feugiat.,7
1926,ultricies,2
1927,at,64
1928,purus,71
1929,arcu,64
1930,magna.,67
1931,id,40
1932,augue,3
1933,imperdiet,86
1934,"a,",55
1935,sit,68
1936,augue,68
1937,Curabitur,56
1938,fermentum,47
1939,faucibus,23
1940,nisl,2
1941,in,35
1942,diam.,60
1943,hendrerit,5
1944,fermentum,25
1945,mi,63
1946,adipiscing.,74
1947,accumsan,9
1948,"a,",59
1949,Donec,20
1950,Nullam,62
1951,orci,28
1952,sed,26
1953,ad,67
1954,Mauris,65
1955,enim.,10
1956,neque.,92
1957,dui.,30
1958,magna.,13
1959,magna.,32
1960,Mauris,37
1961,lectus.,67
1962,mi,13
1963,mattis,47
1964,Donec,80
1965,parturient,45
1966,tempor,36
1967,eu,90
1968,libero,21
1969,"et,",75
1970,massa.,84
1971,Nunc,33
1972,ligula,95
1973,cubilia,50
1974,ipsum,21
1975,non,58
1976,mus.,67
1977,magna.,21
1978,nulla,80
1979,"et,",84
1980,at,29
1981,adipiscing,87
1982,viverra.,28
1983,ac,29
1984,ipsum.,30
1985,cursus,58
1986,rhoncus.,63
1987,dolor.,14
1988,Sed,46
1989,ultrices,25
1990,adipiscing,47
1991,Vestibulum,62
1992,mi,65
1993,cursus,88
1994,purus,47
1995,Aliquam,68
1996,vel,1
1997,magna.,8
1998,enim,43
1999,dis,51
2000,Nulla,39
2001,nibh.,6
2002,nisl,39
2003,magna,84
2004,cubilia,70
2005,nonummy,37
2006,"a,",77
2007,adipiscing,94
2008,ultricies,45
2009,nonummy.,70
2010,magna.,87
2011,In,79
2012,sollicitudin,28
2013,molestie,12
2014,eu,5
2015,ornare,53
2016,non,21
2017,faucibus.,57
2018,arcu.,23
2019,augue,97
2020,nascetur,1
2021,eu,75
2022,sed,42
2023,vehicula,93
2024,dictum,74
2025,ultrices,98
2026,aliquam,98
2027,Suspendisse,43
2028,tortor,61
2029,condimentum,95
2030,Cras,1
2031,lacus.,54
2032,Aliquam,50
2033,pharetra,73
2034,interdum,19
2035,Proin,56
2036,lorem,65
2037,semper,77
2038,enim,87
2039,ipsum,34
2040,pede,26
2041,sit,35
2042,"auctor,",15
2043,sit,55
2044,pharetra,30
2045,euismod,16
2046,Cras,16
2047,velit,67
2048,a,95
2049,ligula,77
2050,id,65
2051,Pellentesque,45
2052,Vivamus,70
2053,"rutrum,",28
2054,aliquet,14
2055,sit,70
2056,ad,5
2057,sapien,47
2058,dis,44
2059,tellus.,25
2060,ultrices,49
2061,sagittis.,45
2062,porttitor,53
2063,massa,90
2064,nulla,39
2065,aliquet,99
2066,Sed,56
2067,orci,2
2068,lorem,53
2069,velit.,48
2070,metus.,99
2071,arcu.,76
2072,ipsum,68
2073,"cursus,",63
2074,augue,25
2075,tempus,22
2076,"mauris,",95
2077,mauris,91
2078,eu,31
2079,"leo,",5
2080,cursus,21
2081,porta,86
2082,porttitor,37
2083,Integer,89
2084,elit.,92
2085,pretium,71
2086,vel,99
2087,egestas.,62
2088,luctus,54
2089,at,67
2090,"enim,",16
2091,Cras,26
2092,eros,57
2093,interdum,3
2094,sem,27
2095,lorem,27
2096,purus,35
2097,nulla.,86
2098,leo.,90
2099,"augue,",10
2100,Sed,94
2101,lectus.,26
2102,Phasellus,76
2103,Cras,84
2104,amet,27
2105,sed,83
2106,amet,47
2107,amet,21
2108,egestas,83
2109,arcu,51
2110,nibh,55
2111,tempor,31
2112,felis,22
2113,Vivamus,79
2114,sagittis,71
2115,scelerisque,100
2116,non,15
2117,elementum,62
2118,et,45
2119,dolor,29
2120,molestie,98
2121,Proin,37
2122,vitae,24
2123,magna,3
2124,lobortis,89
2125,Phasellus,74
2126,eu,59
2127,ante,69
2128,diam,61
2129,nonummy.,89
2130,ipsum,50
2131,gravida,76
2132,ligula,31
2133,Proin,83
2134,in,10
2135,mi,80
2136,eu,47
2137,tellus,41
2138,luctus,32
2139,posuere,68
2140,vestibulum,9
2141,in,96
2142,metus,92
2143,"lorem,",64
2144,elit.,29
2145,iaculis,11
2146,fringilla,59
2147,sit,86
2148,magna.,75
2149,"ut,",59
2150,justo.,35
2151,Donec,30
2152,ligula.,75
2153,lobortis,92
2154,vitae,53
2155,"ut,",26
2156,amet,25
2157,scelerisque,55
2158,arcu.,74
2159,Quisque,30
2160,molestie,57
2161,nonummy.,84
2162,erat,14
2163,"lobortis,",76
2164,"aliquam,",44
2165,lectus,50
2166,et,95
2167,metus.,43
2168,amet,47
2169,Maecenas,54
2170,Nam,17
2171,libero.,100
2172,nec,93
2173,interdum.,45
2174,enim.,30
2175,augue,66
2176,dictum,54
2177,parturient,45
2178,Morbi,65
2179,orci,22
2180,nunc,73
2181,congue,75
2182,sem,36
2183,Nulla,26
2184,Morbi,8
2185,enim.,57
2186,Donec,89
2187,odio,72
2188,aliquam,18
2189,Nam,21
2190,eros,12
2191,venenatis,87
2192,nunc,35
2193,"non,",55
2194,gravida.,97
2195,diam,42
2196,mi,95
2197,mus.,56
2198,feugiat.,29
2199,Donec,26
2200,egestas.,89
2201,vel,58
2202,Morbi,73
2203,lacus.,8
2204,nec,49
2205,dolor.,53
2206,mauris.,70
2207,eleifend.,60
2208,"a,",7
2209,sagittis.,85
2210,Donec,23
2211,facilisis,8
2212,morbi,41
2213,"tempus,",7
2214,"egestas,",38
2215,Ut,68
2216,diam,30
2217,Duis,25
2218,imperdiet,12
2219,"elit,",53
2220,non,80
2221,"enim,",47
2222,"vulputate,",25
2223,ultrices,64
2224,ante,91
2225,arcu,19
2226,Mauris,70
2227,"pede,",99
2228,amet,31
2229,auctor,5
2230,Morbi,40
2231,"aliquet,",19
2232,neque.,25
2233,varius,82
2234,"amet,",46
2235,risus.,84
2236,nisi.,39
2237,facilisis,17
2238,"risus,",86
2239,justo,72
2240,feugiat.,88
2241,sit,1
2242,pellentesque,79
2243,elit,93
2244,bibendum,52
2245,erat,85
2246,pellentesque.,47
2247,tincidunt.,93
2248,viverra.,11
2249,nibh,34
2250,Nunc,95
2251,elit,1
2252,aliquam,35
2253,sit,41
2254,"et,",68
2255,ridiculus,39
2256,lorem,76
2257,"non,",66
2258,gravida,77
2259,risus.,69
2260,penatibus,36
2261,Phasellus,76
2262,accumsan,47
2263,amet,85
2264,"vestibulum,",45
2265,venenatis,7
2266,amet,30
2267,ante.,82
2268,nulla,20
2269,adipiscing,64
2270,Duis,82
2271,scelerisque,33
2272,vehicula,27
2273,malesuada,73
2274,justo.,35
2275,Cum,69
2276,vitae,89
2277,sit,23
2278,enim,30
2279,urna.,46
2280,posuere,47
2281,nisi,4
2282,"consectetuer,",31
2283,consectetuer,85
2284,Nullam,37
2285,luctus,78
2286,quam,7
2287,leo.,37
2288,Donec,81
2289,consectetuer,37
2290,nisl.,63
2291,Donec,30
2292,Phasellus,92
2293,"risus,",12
2294,egestas.,71
2295,nibh.,93
2296,"quis,",17
2297,In,32
2298,"lobortis,",49
2299,massa.,13
2300,elit,68
2301,mi,66
2302,parturient,40
2303,purus,37
2304,nec,84
2305,Curabitur,64
2306,"egestas,",55
2307,nulla,5
2308,risus.,11
2309,nisi,65
2310,eget,13
2311,erat,36
2312,ipsum,32
2313,quam,67
2314,ante.,56
2315,Aliquam,7
2316,sit,44
2317,Nulla,89
2318,interdum.,91
2319,elit,33
2320,ligula,73
2321,odio.,24
2322,lobortis,72
2323,mauris,69
2324,pede.,89
2325,pharetra.,61
2326,luctus,6
2327,netus,6
2328,Donec,81
2329,Suspendisse,22
2330,pharetra.,32
2331,semper,26
2332,"non,",30
2333,"mauris,",64
2334,parturient,1
2335,"placerat,",81
2336,Curae,52
2337,sem.,71
2338,tortor,40
2339,et,29
2340,sagittis.,98
2341,lacus.,60
2342,risus.,88
2343,augue,48
2344,Duis,75
2345,odio,25
2346,dignissim,99
2347,nascetur,26
2348,cursus,100
2349,Vivamus,46
2350,pede.,75
2351,dolor.,45
2352,mauris,71
2353,non,99
2354,Proin,69
2355,blandit,25
2356,sem,52
2357,ut,97
2358,Proin,67
2359,ac,43
2360,gravida,68
2361,fringilla,70
2362,sodales.,26
2363,hendrerit,10
2364,"purus,",37
2365,lobortis,23
2366,netus,13
2367,in,82
2368,ligula,61
2369,Mauris,37
2370,egestas,25
2371,posuere,17
2372,fames,61
2373,orci,20
2374,sapien.,92
2375,lectus,43
2376,Phasellus,83
2377,arcu.,50
2378,"scelerisque,",16
2379,sit,72
2380,sit,27
2381,dictum,14
2382,Quisque,48
2383,Mauris,95
2384,mi,30
2385,ultrices,72
2386,sit,28
2387,Nulla,75
2388,risus.,18
2389,et,20
2390,non,43
2391,ultricies,93
2392,hendrerit,51
2393,odio,75
2394,accumsan,31
2395,felis,90
2396,viverra.,59
2397,in,11
2398,euismod,13
2399,lorem,25
2400,consectetuer,20
2401,auctor.,76
2402,risus.,6
2403,ac,31
2404,"rutrum,",10
2405,id,68
2406,eu,95
2407,a,100
2408,metus,28
2409,adipiscing,17
2410,"vitae,",20
2411,non,43
2412,nonummy,71
2413,elementum,98
2414,"amet,",53
2415,arcu,48
2416,ipsum.,71
2417,tortor,60
2418,sem.,12
2419,nec,4
2420,"lectus,",11
2421,nascetur,48
2422,Aliquam,6
2423,eget,25
2424,Mauris,20
2425,felis,78
2426,eget,67
2427,"et,",41
2428,Phasellus,4
2429,"lobortis,",92
2430,"eget,",5
2431,Donec,12
2432,Aliquam,11
2433,nulla.,84
2434,lorem,31
2435,"convallis,",9
2436,nec,64
2437,placerat,43
2438,"vitae,",42
2439,placerat.,28
2440,"sed,",61
2441,arcu,3
2442,magna,36
2443,et,97
2444,erat,79
2445,lectus,48
2446,ultricies,15
2447,eu,49
2448,"eu,",69
2449,ante,31
2450,est,33
2451,non,32
2452,luctus,64
2453,"scelerisque,",87
2454,tempor,42
2455,enim.,25
2456,et,48
2457,Donec,38
2458,in,59
2459,interdum.,35
2460,massa.,100
2461,malesuada,4
2462,adipiscing,46
2463,nonummy,1
2464,aliquet,70
2465,odio,18
2466,diam,36
2467,Donec,24
2468,"et,",19
2469,sit,36
2470,urna.,8
2471,vitae,73
2472,molestie,67
2473,pede.,99
2474,Donec,92
2475,tincidunt,3
2476,dictum,35
2477,sociis,36
2478,lectus,90
2479,"auctor,",97
2480,odio,65
2481,viverra.,54
2482,Curabitur,19
2483,arcu,12
2484,eu,84
2485,"pede,",74
2486,purus,46
2487,sit,38
2488,eu,65
2489,sollicitudin,61
2490,lacus,37
2491,eleifend,78
2492,amet,37
2493,Quisque,77
2494,ac,6
2495,malesuada,87
2496,ante.,9
2497,pede,84
2498,"ornare,",7
2499,Ut,66
2500,lacus.,83
2501,neque.,55
2502,a,24
2503,"ut,",100
2504,"montes,",22
2505,consectetuer,90
2506,"orci,",74
2507,a,8
2508,accumsan,44
2509,malesuada,26
2510,nec,35
2511,"eu,",53
2512,vitae,32
2513,"orci,",37
2514,scelerisque,89
2515,Nam,47
2516,conubia,48
2517,dui,41
2518,enim.,52
2519,commodo,87
2520,justo.,79
2521,facilisis,29
2522,"mauris,",48
2523,Aliquam,21
2524,Sed,99
2525,luctus,94
2526,Suspendisse,52
2527,purus,57
2528,pretium,11
2529,urna.,31
2530,rutrum,9
2531,"mi,",17
2532,vehicula,35
2533,tellus,6
2534,Aliquam,95
2535,urna,29
2536,Curae,67
2537,"eu,",73
2538,sed,28
2539,massa.,14
2540,sed,90
2541,Sed,33
2542,ligula,59
2543,commodo,25
2544,"id,",75
2545,ac,15
2546,massa,98
2547,nisl,77
2548,"nec,",48
2549,eu,2
2550,auctor,45
2551,nunc,90
2552,arcu.,69
2553,arcu,25
2554,venenatis,29
2555,magnis,34
2556,magna.,34
2557,sem,20
2558,eros.,44
2559,Vestibulum,22
2560,eu,35
2561,Cras,64
2562,Cras,65
2563,ipsum,88
2564,aliquet,18
2565,non,50
2566,"placerat,",35
2567,odio,45
2568,per,56
2569,velit,99
2570,odio.,79
2571,lacus.,95
2572,"eleifend,",70
2573,"id,",82
2574,venenatis,73
2575,tellus,59
2576,vitae,23
2577,diam,74
2578,"ac,",91
2579,dui,4
2580,Maecenas,99
2581,Vivamus,35
2582,non,47
2583,augue.,61
2584,molestie,21
2585,"adipiscing,",24
2586,Morbi,42
2587,Quisque,29
2588,imperdiet,12
2589,Nam,70
2590,eu,98
2591,litora,39
2592,tellus.,69
2593,vehicula,34
2594,Ut,26
2595,egestas.,74
2596,aliquet,16
2597,egestas,76
2598,Phasellus,14
2599,eget,94
2600,dapibus,99
2601,mi,27
2602,faucibus,26
2603,sit,59
2604,dolor.,26
2605,orci.,48
2606,amet,51
2607,convallis,93
2608,"eu,",83
2609,"eu,",49
2610,nec,42
2611,"et,",73
2612,Etiam,15
2613,feugiat.,83
2614,"id,",90
2615,vel,11
2616,erat,42
2617,justo,26
2618,vulputate,51
2619,velit,11
2620,pede,24
2621,quam,53
2622,libero,53
2623,tempus,24
2624,Fusce,81
2625,Morbi,42
2626,rutrum,37
2627,vel,32
2628,vulputate,34
2629,"posuere,",59
2630,dis,32
2631,Fusce,47
2632,sem,54
2633,sem,89
2634,Nulla,31
2635,Pellentesque,13
2636,Cras,56
2637,sit,1
2638,sollicitudin,49
2639,ipsum,9
2640,Duis,7
2641,vulputate,10
2642,facilisis,38
2643,ultrices.,91
2644,neque.,26
2645,at,48
2646,tellus,62
2647,vehicula,12
2648,bibendum,87
2649,Vivamus,78
2650,tincidunt,96
2651,Proin,88
2652,Integer,56
2653,ullamcorper.,67
2654,nulla.,61
2655,non,5
2656,eu,49
2657,"imperdiet,",83
2658,Nunc,68
2659,"elit,",25
2660,lacus,27
2661,"vel,",87
2662,Pellentesque,40
2663,eros.,52
2664,Sed,95
2665,nulla,92
2666,"ac,",19
2667,pellentesque,47
2668,"elit,",19
2669,"amet,",3
2670,Aliquam,79
2671,adipiscing,91
2672,congue,16
2673,accumsan,73
2674,orci.,20
2675,purus.,25
2676,in,10
2677,"eu,",94
2678,tristique,1
2679,Suspendisse,77
2680,fermentum,83
2681,nulla,77
2682,Nunc,27
2683,Nulla,32
2684,"elit,",81
2685,enim,34
2686,Fusce,45
2687,massa.,46
2688,metus.,10
2689,Aenean,18
2690,nec,21
2691,risus.,58
2692,ac,71
2693,iaculis,27
2694,magnis,30
2695,sit,80
2696,Aenean,87
2697,nascetur,50
2698,Fusce,46
2699,pede,42
2700,"et,",77
2701,massa,26
2702,orci.,62
2703,"amet,",76
2704,accumsan,47
2705,ipsum.,23
2706,Pellentesque,76
2707,Donec,25
2708,"magna,",71
2709,quam,62
2710,blandit,26
2711,Nunc,68
2712,gravida,79
2713,sed,31
2714,Nulla,93
2715,Sed,1
2716,"tellus,",78
2717,In,7
2718,erat.,44
2719,Nulla,3
2720,Curabitur,96
2721,sodales,91
2722,"non,",55
2723,nisi.,17
2724,sit,88
2725,commodo,87
2726,"purus,",36
2727,rhoncus.,27
2728,Nam,27
2729,amet,95
2730,"eget,",60
2731,nascetur,38
2732,non,6
2733,conubia,72
2734,Suspendisse,66
2735,velit.,45
2736,metus.,86
2737,non,41
2738,et,26
2739,ipsum,29
2740,eget,91
2741,convallis,74
2742,lacinia,86
2743,convallis,65
2744,felis,50
2745,eu,41
2746,tristique,31
2747,fermentum,1
2748,sagittis.,42
2749,a,98
2750,neque,40
2751,id,83
2752,neque,70
2753,dolor.,65
2754,Proin,53
2755,"ornare,",13
2756,mauris,34
2757,"non,",24
2758,enim.,38
2759,ullamcorper.,77
2760,Vestibulum,53
2761,et,83
2762,egestas.,17
2763,convallis,30
2764,lorem,28
2765,Curae,24
2766,aliquet,76
2767,Cras,12
2768,a,43
2769,Praesent,81
2770,augue,49
2771,velit.,42
2772,bibendum,64
2773,Duis,9
2774,adipiscing,81
2775,faucibus,95
2776,semper,87
2777,mollis.,92
2778,Donec,18
2779,lacus.,11
2780,leo.,25
2781,hendrerit.,65
2782,diam.,48
2783,sed,15
2784,malesuada,51
2785,hendrerit.,25
2786,sapien.,78
2787,nec,41
2788,rutrum,74
2789,Morbi,72
2790,nulla.,2
2791,"et,",84
2792,Cras,48
2793,sit,7
2794,sed,20
2795,elementum,41
2796,sapien,98
2797,Suspendisse,25
2798,Proin,58
2799,"lorem,",83
2800,malesuada,10
2801,eget,30
2802,aliquam,56
2803,"at,",93
2804,non,23
2805,mollis.,69
2806,risus,60
2807,sit,2
2808,at,45
2809,commodo,52
2810,diam.,17
2811,urna.,32
2812,massa,36
2813,ac,38
2814,ullamcorper,9
2815,cursus,77
2816,ac,58
2817,metus.,14
2818,Integer,81
2819,mus.,84
2820,ornare,72
2821,dui,99
2822,egestas.,53
2823,"ut,",9
2824,Quisque,5
2825,eu,92
2826,"ut,",94
2827,magna.,73
2828,morbi,81
2829,eu,85
2830,faucibus,1
2831,turpis,65
2832,tortor.,51
2833,"dui,",51
2834,sed,2
2835,velit.,20
2836,auctor,57
2837,ligula.,67
2838,quam.,92
2839,nisi.,79
2840,semper,89
2841,luctus,96
2842,odio,4
2843,Vivamus,75
2844,dictum,79
2845,dictum,36
2846,mollis,83
2847,ipsum,32
2848,consectetuer,3
2849,vel,66
2850,Morbi,3
2851,"enim,",59
2852,auctor,18
2853,malesuada,58
2854,"pharetra,",95
2855,eget,88
2856,sollicitudin,56
2857,consequat,91
2858,commodo,91
2859,luctus,63
2860,lorem,94
2861,pharetra,89
2862,"et,",74
2863,mi,74
2864,Suspendisse,85
2865,parturient,44
2866,tortor,37
2867,Pellentesque,40
2868,ullamcorper,7
2869,orci.,35
2870,a,27
2871,"vestibulum,",44
2872,sit,47
2873,id,26
2874,at,68
2875,dolor,45
2876,orci,98
2877,diam,1
2878,"cursus,",89
2879,nonummy,38
2880,"congue,",76
2881,neque.,72
2882,lorem,6
2883,arcu,39
2884,tincidunt,75
2885,gravida,31
2886,elit.,81
2887,malesuada,11
2888,varius,25
2889,"convallis,",38
2890,eget,90
2891,"ac,",94
2892,ipsum,34
2893,nibh,11
2894,in,74
2895,natoque,23
2896,Donec,9
2897,Nulla,17
2898,fringilla,37
2899,purus.,88
2900,ipsum,68
2901,"tincidunt,",96
2902,sit,88
2903,mi,45
2904,lacus.,82
2905,ipsum.,47
2906,commodo,91
2907,orci,16
2908,Sed,40
2909,justo,96
2910,torquent,77
2911,risus.,50
2912,non,33
2913,quis,89
2914,pharetra.,64
2915,"sapien,",24
2916,Ut,49
2917,enim,2
2918,sodales,18
2919,et,2
2920,vehicula.,16
2921,felis,3
2922,faucibus,69
2923,interdum,29
2924,felis,70
2925,molestie.,41
2926,"amet,",74
2927,mollis,45
2928,Cras,46
2929,natoque,81
2930,et,35
2931,facilisis,2
2932,sollicitudin,75
2933,lectus,37
2934,Nulla,3
2935,cursus,51
2936,Suspendisse,3
2937,rutrum,99
2938,ullamcorper,70
2939,Proin,46
2940,Sed,88
2941,urna,51
2942,scelerisque,86
2943,justo,12
2944,penatibus,9
2945,blandit,56
2946,sem,46
2947,Morbi,78
2948,iaculis,40
2949,fames,43
2950,sit,18
2951,"quis,",58
2952,luctus,25
2953,sollicitudin,22
2954,dolor,45
2955,Proin,77
2956,Lorem,62
2957,nec,77
2958,adipiscing,76
2959,sit,71
2960,in,59
2961,erat,81
2962,sit,26
2963,erat,52
2964,Etiam,9
2965,risus,72
2966,dui.,85
2967,lacus,78
2968,semper,81
2969,"ornare,",87
2970,imperdiet,18
2971,"convallis,",7
2972,erat,33
2973,dictum,30
2974,"luctus,",35
2975,magna.,96
2976,congue,79
2977,amet,70
2978,nonummy,46
2979,diam,40
2980,sem,53
2981,consectetuer,66
2982,eu,20
2983,risus.,9
2984,diam,83
2985,ut,55
2986,nulla.,27
2987,"eleifend,",98
2988,"cursus,",18
2989,sem,56
2990,sit,96
2991,metus.,50
2992,vel,92
2993,pede,95
2994,congue.,85
2995,dictum,26
2996,Curabitur,94
2997,Nulla,96
2998,nascetur,6
2999,pede,24
3000,eros,45
3001,magna.,27
3002,lacus.,7
3003,ut,60
3004,Quisque,9
3005,arcu.,88
3006,Aliquam,99
3007,Nullam,62
3008,"a,",17
3009,Fusce,19
3010,arcu,22
3011,"erat,",89
3012,pharetra,76
3013,ante,31
3014,eleifend,15
3015,ac,64
3016,habitant,51
3017,dui.,84
3018,interdum,10
3019,ipsum,18
3020,"aliquet,",58
3021,Morbi,79
3022,Pellentesque,91
3023,Suspendisse,96
3024,ut,59
3025,ipsum,69
3026,netus,49
3027,Fusce,96
3028,"in,",84
3029,dui.,40
3030,et,53
3031,ultrices,17
3032,odio,86
3033,eget,77
3034,pharetra,53
3035,"nec,",33
3036,nec,81
3037,leo.,61
3038,tincidunt,33
3039,augue.,57
3040,consectetuer,35
3041,"nostra,",41
3042,"convallis,",29
3043,"vel,",38
3044,in,49
3045,neque,75
3046,adipiscing.,74
3047,odio,18
3048,semper,38
3049,pellentesque,91
3050,"nec,",1
3051,turpis.,36
3052,eget,36
3053,netus,90
3054,Cras,8
3055,arcu,94
3056,tristique,54
3057,libero,86
3058,Fusce,44
3059,Vestibulum,20
3060,posuere,26
3061,"montes,",76
3062,eros,56
3063,diam.,40
3064,libero.,99
3065,semper,12
3066,"sem,",8
3067,"et,",100
3068,lobortis,5
3069,blandit,38
3070,Nunc,49
3071,eget,32
3072,Cras,56
3073,"eu,",78
3074,nunc,10
3075,ornare,9
3076,Nullam,82
3077,dolor,36
3078,sit,26
3079,erat,26
3080,tortor.,94
3081,nisi.,9
3082,cursus,7
3083,risus,38
3084,nibh.,94
3085,ac,4
3086,aliquet,1
3087,Quisque,32
3088,"eget,",53
3089,ut,98
3090,augue,64
3091,magna,2
3092,ante,56
3093,lorem,44
3094,adipiscing,61
3095,Quisque,11
3096,purus.,74
3097,augue,8
3098,feugiat,80
3099,commodo,5
3100,lacus.,50
3101,eget,81
3102,natoque,74
3103,cursus,7
3104,mauris,29
3105,"elit,",20
3106,"elementum,",52
3107,quis,2
3108,interdum,1
3109,tincidunt,12
3110,sociis,33
3111,Aliquam,37
3112,ligula.,25
3113,"et,",46
3114,quam,48
3115,quis,86
3116,risus.,20
3117,nonummy,46
3118,Curabitur,12
3119,feugiat,77
3120,"vestibulum,",3
3121,eget,53
3122,"lorem,",60
3123,rutrum,48
3124,Quisque,25
3125,dictum,4
3126,lectus,89
3127,pellentesque,16
3128,vulputate,85
3129,Pellentesque,50
3130,ac,100
3131,interdum,9
3132,luctus,55
3133,ullamcorper,41
3134,"dui,",58
3135,mattis.,10
3136,fames,72
3137,erat,7
3138,ipsum,29
3139,hendrerit,35
3140,"amet,",21
3141,tortor,41
3142,quis,79
3143,quis,81
3144,"montes,",59
3145,cubilia,45
3146,"dolor,",96
3147,nulla.,22
3148,condimentum.,59
3149,"sem,",18
3150,rutrum.,74
3151,faucibus,92
3152,pulvinar,69
3153,vitae,2
3154,"id,",81
3155,In,5
3156,pellentesque,29
3157,consectetuer,80
3158,Suspendisse,14
3159,fermentum,46
3160,porttitor,27
3161,Phasellus,30
3162,imperdiet,48
3163,Nulla,37
3164,Cras,74
3165,Quisque,59
3166,convallis,33
3167,sociis,93
3168,Sed,64
3169,risus.,22
3170,lobortis,90
3171,eros.,3
3172,eget,68
3173,Mauris,10
3174,Suspendisse,70
3175,enim,57
3176,pede.,52
3177,adipiscing,46
3178,interdum,44
3179,consectetuer,61
3180,aptent,40
3181,dolor,2
3182,lorem,21
3183,Nunc,57
3184,ac,1
3185,Duis,2
3186,mollis,3
3187,eleifend.,69
3188,Cras,48
3189,dis,67
3190,non,13
3191,"elementum,",15
3192,augue,89
3193,"in,",73
3194,est.,47
3195,ad,57
3196,lectus.,3
3197,lacus.,31
3198,"sem,",99
3199,euismod,87
3200,laoreet,54
3201,magna,24
3202,sagittis,24
3203,venenatis,21
3204,nulla,38
3205,libero,57
3206,Nullam,57
3207,dictum,4
3208,augue,57
3209,"non,",48
3210,massa.,99
3211,tristique,67
3212,diam.,70
3213,lacus.,37
3214,egestas,70
3215,eget,61
3216,aliquet,77
3217,velit,30
3218,non,16
3219,mi,93
3220,hendrerit,8
3221,pellentesque,53
3222,non,25
3223,nec,72
3224,semper,89
3225,Aenean,7
3226,"est,",39
3227,commodo,91
3228,Nullam,68
3229,semper,83
3230,Mauris,19
3231,ipsum,67
3232,sociosqu,43
3233,tincidunt,85
3234,vel,16
3235,vulputate,44
3236,risus,98
3237,mollis.,100
3238,neque,10
3239,"enim,",74
3240,tellus,88
3241,Sed,36
3242,velit,59
3243,tempus,85
3244,semper,58
3245,sit,10
3246,pede,34
3247,aptent,42
3248,Fusce,56
3249,malesuada,37
3250,ligula,100
3251,dui,54
3252,nec,78
3253,tincidunt,42
3254,nunc,59
3255,sit,67
3256,Donec,23
3257,ante,3
3258,nec,73
3259,sed,55
3260,hymenaeos.,31
3261,"nec,",7
3262,"eget,",98
3263,erat,42
3264,Quisque,21
3265,Curabitur,13
3266,vel,81
3267,"fringilla,",28
3268,"vitae,",9
3269,Aliquam,72
3270,Nunc,75
3271,ultricies,31
3272,cursus,32
3273,Duis,97
3274,eleifend.,90
3275,nisl.,57
3276,nunc,2
3277,adipiscing,72
3278,habitant,33
3279,"in,",4
3280,metus.,23
3281,quis,64
3282,commodo,73
3283,imperdiet,6
3284,quis,57
3285,nascetur,44
3286,"est,",34
3287,nulla.,52
3288,posuere,88
3289,quis,54
3290,"in,",21
3291,nulla,8
3292,In,9
3293,nisi.,54
3294,Aenean,12
3295,tellus.,3
3296,"pede,",88
3297,massa,78
3298,justo,11
3299,odio.,88
3300,Duis,3
3301,eu,41
3302,Vivamus,73
3303,"a,",21
3304,mauris,20
3305,commodo,100
3306,nascetur,57
3307,varius.,66
3308,semper,80
3309,rhoncus,89
3310,eget,52
3311,bibendum,20
3312,amet,99
3313,Quisque,44
3314,dui.,95
3315,In,28
3316,enim.,31
3317,auctor,19
3318,tincidunt,31
3319,orci.,44
3320,ligula.,44
3321,pede,3
3322,dui.,77
3323,ante,70
3324,"amet,",4
3325,leo.,10
3326,eu,76
3327,eleifend,16
3328,rutrum,20
3329,"est,",19
3330,pretium,19
3331,"amet,",6
3332,"vestibulum,",7
3333,Aenean,66
3334,varius.,97
3335,erat,14
3336,dictum,70
3337,eu,59
3338,eget,13
3339,volutpat,75
3340,"montes,",40
3341,fringilla,61
3342,id,25
3343,orci.,56
3344,magna.,76
3345,semper,75
3346,mi,89
3347,Donec,74
3348,non,68
3349,taciti,82
3350,dapibus,66
3351,semper,20
3352,iaculis,6
3353,Sed,97
3354,eu,7
3355,pede,13
3356,Etiam,19
3357,ullamcorper.,55
3358,litora,9
3359,Mauris,73
3360,pede,77
3361,Proin,90
3362,orci.,67
3363,eu,11
3364,vehicula,69
3365,blandit,51
3366,ultricies,18
3367,neque,71
3368,mauris,64
3369,Aenean,69
3370,erat,46
3371,magnis,23
3372,arcu.,50
3373,quis,36
3374,tempor,29
3375,dolor,57
3376,ullamcorper.,78
3377,nec,47
3378,nisi,55
3379,lobortis,55
3380,ullamcorper,90
3381,"id,",13
3382,eleifend,62
3383,pellentesque,42
3384,lectus.,78
3385,Pellentesque,80
3386,"eget,",29
3387,lacus,30
3388,ligula,82
3389,erat.,44
3390,vestibulum,79
3391,Nullam,45
3392,"et,",56
3393,Aliquam,67
3394,Donec,81
3395,"sapien,",35
3396,ad,54
3397,commodo,47
3398,Donec,42
3399,nunc.,7
3400,penatibus,9
3401,habitant,17
3402,tincidunt,80
3403,diam,100
3404,Morbi,78
3405,egestas,9
3406,malesuada,61
3407,nec,56
3408,penatibus,19
3409,urna.,56
3410,"dui,",49
3411,cubilia,12
3412,cursus,69
3413,semper,43
3414,risus,96
3415,In,13
3416,in,51
3417,"vulputate,",9
3418,"eleifend,",41
3419,In,9
3420,"nec,",27
3421,sit,31
3422,bibendum.,6
3423,Donec,79
3424,euismod,77
3425,dolor,31
3426,bibendum,4
3427,magna,47
3428,dolor.,98
3429,Vivamus,19
3430,dolor,13
3431,"in,",38
3432,malesuada,24
3433,porta,81
3434,In,40
3435,fringilla,3
3436,sed,58
3437,justo,98
3438,eleifend,65
3439,purus,18
3440,Integer,2
3441,enim.,94
3442,Nunc,57
3443,mollis.,38
3444,eu,13
3445,Pellentesque,31
3446,amet,8
3447,Vivamus,94
3448,cursus.,98
3449,amet,75
3450,magna.,65
3451,interdum,49
3452,arcu.,81
3453,"erat,",35
3454,vitae,80
3455,laoreet,50
3456,Integer,69
3457,sit,51
3458,pellentesque,82
3459,Fusce,9
3460,Phasellus,15
3461,"a,",28
3462,non,66
3463,"enim,",19
3464,"auctor,",42
3465,Morbi,60
3466,libero,70
3467,Aenean,43
3468,Fusce,12
3469,Mauris,33
3470,ipsum.,73
3471,adipiscing,50
3472,eget,10
3473,magna,88
3474,dolor,35
3475,Nullam,29
3476,egestas.,85
3477,Donec,96
3478,"dui,",35
3479,porttitor,20
3480,Duis,6
3481,et,47
3482,sem.,60
3483,dictum.,52
3484,"luctus,",30
3485,sit,65
3486,sapien,54
3487,enim,52
3488,risus.,35
3489,Aenean,96
3490,enim,8
3491,hendrerit,3
3492,sit,95
3493,Phasellus,10
3494,Duis,16
3495,aliquet,89
3496,diam,71
3497,Nam,36
3498,facilisis,58
3499,"ornare,",10
3500,purus.,94
3501,"orci,",25
3502,"tellus,",61
3503,nec,71
3504,ipsum,85
3505,"eleifend,",80
3506,nisl,58
3507,sit,36
3508,lacinia,68
3509,egestas.,66
3510,"amet,",65
3511,convallis,47
3512,"auctor,",25
3513,fermentum,60
3514,sed,62
3515,mollis,71
3516,ut,65
3517,"elit,",77
3518,amet,49
3519,Integer,23
3520,"montes,",89
3521,Aliquam,7
3522,eget,63
3523,"ut,",100
3524,Mauris,18
3525,justo,69
3526,eu,72
3527,Ut,68
3528,accumsan,26
3529,Vivamus,9
3530,Proin,55
3531,senectus,68
3532,metus,27
3533,lacinia,81
3534,risus.,77
3535,et,79
3536,mauris,26
3537,elit,73
3538,eros,60
3539,Nulla,79
3540,amet,70
3541,quam,87
3542,Duis,79
3543,dolor,47
3544,Proin,82
3545,Cras,37
3546,non,19
3547,eleifend.,45
3548,ipsum.,85
3549,"in,",44
3550,elit.,43
3551,"amet,",44
3552,"iaculis,",67
3553,ac,44
3554,Phasellus,91
3555,egestas,80
3556,Cum,33
3557,eu,49
3558,aliquet,13
3559,nec,72
3560,dictum,27
3561,sem,24
3562,luctus,51
3563,turpis,42
3564,"nec,",21
3565,Donec,50
3566,nec,23
3567,posuere,33
3568,mauris,16
3569,lacinia,22
3570,ut,22
3571,a,59
3572,"non,",43
3573,"tempor,",43
3574,diam,22
3575,nascetur,29
3576,elit.,15
3577,natoque,95
3578,semper,11
3579,"convallis,",64
3580,"eleifend,",35
3581,sodales,64
3582,dolor.,32
3583,in,47
3584,"elit,",79
3585,Aenean,84
3586,amet,4
3587,ligula.,90
3588,eget,54
3589,metus.,32
3590,lacus.,97
3591,Curae,91
3592,neque.,45
3593,erat,15
3594,ac,28
3595,eleifend.,28
3596,faucibus,21
3597,Maecenas,51
3598,"amet,",59
3599,adipiscing,38
3600,"vestibulum,",68
3601,mauris,61
3602,in,92
3603,ultrices,94
3604,enim,27
3605,gravida.,73
3606,commodo,89
3607,mauris,38
3608,semper,88
3609,"purus,",86
3610,sem,91
3611,Vestibulum,49
3612,Quisque,90
3613,sed,99
3614,"vitae,",90
3615,consectetuer,9
3616,"ut,",84
3617,sit,40
3618,ultrices,71
3619,neque.,13
3620,odio.,95
3621,imperdiet,37
3622,Etiam,43
3623,est.,27
3624,gravida.,20
3625,arcu,57
3626,"nec,",57
3627,ut,60
3628,"non,",36
3629,non,30
3630,tincidunt,45
3631,aliquam,36
3632,pretium,76
3633,Proin,10
3634,Nunc,64
3635,lacinia,60
3636,"felis,",67
3637,blandit,29
3638,"eu,",8
3639,lectus,24
3640,facilisis.,14
3641,nulla.,77
3642,"vitae,",94
3643,tempus,48
3644,Curabitur,20
3645,natoque,49
3646,et,43
3647,"at,",38
3648,vel,9
3649,In,95
3650,felis.,33
3651,sagittis.,88
3652,consectetuer,71
3653,interdum,74
3654,lorem,75
3655,ut,55
3656,justo,66
3657,gravida,82
3658,"non,",94
3659,vitae,24
3660,nibh,91
3661,ligula,17
3662,libero,64
3663,orci.,78
3664,mollis,65
3665,ultrices,52
3666,odio,87
3667,scelerisque,36
3668,convallis,37
3669,hendrerit,81
3670,Nunc,57
3671,enim.,2
3672,dictum,68
3673,nisi.,5
3674,est,100
3675,nulla.,60
3676,egestas,27
3677,nulla.,68
3678,eu,75
3679,metus,54
3680,egestas,29
3681,magna.,10
3682,Proin,56
3683,Mauris,72
3684,ligula,97
3685,Nullam,14
3686,magna.,22
3687,"vel,",6
3688,purus,25
3689,Curae,2
3690,id,68
3691,ut,17
3692,"nec,",98
3693,Nulla,61
3694,quis,87
3695,dui,10
3696,Curabitur,39
3697,sed,70
3698,"sapien,",81
3699,"est,",63
3700,lacus.,97
3701,ridiculus,92
3702,"et,",70
3703,rhoncus,40
3704,risus.,42
3705,"orci,",69
3706,penatibus,18
3707,consequat,1
3708,ut,23
3709,tincidunt.,10
3710,Vestibulum,82
3711,eu,19
3712,commodo,33
3713,Cras,73
3714,dignissim.,57
3715,porttitor,49
3716,interdum.,65
3717,odio,27
3718,Curae,54
3719,"purus,",79
3720,Suspendisse,18
3721,sollicitudin,32
3722,pede,90
3723,ultricies,52
3724,aliquet,35
3725,nec,28
3726,"at,",13
3727,ac,79
3728,turpis.,64
3729,sed,61
3730,mauris,28
3731,Donec,40
3732,ac,39
3733,et,30
3734,mauris,76
3735,cursus,46
3736,Proin,16
3737,nec,58
3738,aliquet,59
3739,vel,7
3740,"est,",76
3741,velit,71
3742,nec,17
3743,Nunc,87
3744,lacus.,23
3745,diam,76
3746,Proin,65
3747,sed,25
3748,Duis,96
3749,Nunc,71
3750,justo,98
3751,neque,75
3752,sit,52
3753,mi,3
3754,fermentum,35
3755,Donec,74
3756,dolor,12
3757,lectus,32
3758,"vitae,",30
3759,"enim,",76
3760,velit,16
3761,Nunc,98
3762,Fusce,63
3763,Duis,68
3764,Nullam,57
3765,arcu,75
3766,porttitor,27
3767,urna,47
3768,Nullam,29
3769,facilisis.,29
3770,laoreet,62
3771,iaculis,48
3772,Morbi,60
3773,sed,42
3774,Nullam,83
3775,erat,22
3776,at,12
3777,erat.,88
3778,"et,",31
3779,"et,",76
3780,"elit,",76
3781,metus,65
3782,nisi,59
3783,risus.,38
3784,"laoreet,",76
3785,Curabitur,94
3786,sagittis.,84
3787,"pede,",70
3788,vitae,8
3789,justo.,29
3790,velit,79
3791,litora,43
3792,aliquet,63
3793,dolor.,44
3794,rhoncus.,48
3795,Phasellus,79
3796,orci.,77
3797,Nunc,92
3798,"augue,",52
3799,convallis,76
3800,"quis,",37
3801,in,56
3802,"semper,",8
3803,Mauris,80
3804,"a,",60
3805,ligula.,41
3806,"ullamcorper,",52
3807,nec,81
3808,Nam,57
3809,magna.,58
3810,elit.,5
3811,risus.,89
3812,elit,67
3813,vitae,42
3814,fermentum,43
3815,Phasellus,86
3816,mus.,76
3817,porttitor,72
3818,Donec,45
3819,non,11
3820,tellus.,88
3821,Phasellus,74
3822,turpis,35
3823,vulputate,38
3824,"id,",39
3825,magna,29
3826,egestas,98
3827,sed,76
3828,est.,87
3829,Sed,97
3830,ac,51
3831,"eget,",22
3832,imperdiet,63
3833,Nulla,22
3834,In,92
3835,ipsum,27
3836,ipsum,30
3837,eleifend,87
3838,"elit,",72
3839,Fusce,69
3840,mollis.,88
3841,"auctor,",83
3842,et,64
3843,pellentesque,14
3844,in,8
3845,mollis,68
3846,imperdiet,28
3847,tortor.,39
3848,"vitae,",82
3849,Duis,88
3850,pellentesque,25
3851,"risus,",70
3852,urna.,15
3853,Proin,18
3854,In,51
3855,"sem,",28
3856,orci.,8
3857,erat,67
3858,congue.,62
3859,litora,75
3860,et,67
3861,commodo,19
3862,risus.,88
3863,senectus,87
3864,sapien.,59
3865,rutrum,93
3866,cursus.,18
3867,penatibus,32
3868,facilisis.,2
3869,lorem,78
3870,auctor.,18
3871,neque,41
3872,"eget,",12
3873,metus.,82
3874,Aliquam,49
3875,eget,11
3876,ut,70
3877,commodo,91
3878,fringilla,95
3879,"pharetra,",97
3880,velit.,43
3881,elementum,97
3882,vitae,73
3883,mollis,75
3884,urna.,69
3885,mauris,1
3886,"vitae,",12
3887,urna.,4
3888,nulla.,38
3889,eu,27
3890,nonummy,50
3891,quam.,93
3892,nisi,90
3893,"placerat,",56
3894,hendrerit,69
3895,pharetra,95
3896,risus.,6
3897,fringilla.,35
3898,Integer,7
3899,egestas.,80
3900,"pede,",22
3901,Mauris,83
3902,ligula,43
3903,nisi,16
3904,Phasellus,79
3905,Proin,26
3906,commodo,93
3907,nisl.,58
3908,lacus.,63
3909,sed,63
3910,nisi,86
3911,Vestibulum,88
3912,a,73
3913,"scelerisque,",45
3914,netus,97
3915,nulla.,13
3916,et,76
3917,amet,16
3918,rutrum,72
3919,pellentesque,84
3920,tincidunt.,81
3921,libero,81
3922,dignissim.,33
3923,amet,41
3924,neque,2
3925,euismod,71
3926,orci,80
3927,arcu.,20
3928,pharetra.,67
3929,dignissim,91
3930,"aliquet,",83
3931,nibh,12
3932,Pellentesque,72
3933,sit,8
3934,"imperdiet,",15
3935,neque.,73
3936,sit,55
3937,purus,98
3938,Duis,69
3939,"lectus,",20
3940,Ut,74
3941,egestas.,71
3942,mi,23
3943,"pharetra,",86
3944,aptent,69
3945,Nulla,19
3946,iaculis,34
3947,augue,73
3948,arcu.,48
3949,adipiscing.,14
3950,tempor,16
3951,Suspendisse,50
3952,nibh.,10
3953,"nec,",15
3954,fringilla,57
3955,viverra.,47
3956,risus,88
3957,"in,",94
3958,dolor,69
3959,tempus,37
3960,libero.,62
3961,dictum,57
3962,Curae,9
3963,Duis,1
3964,Lorem,44
3965,Nulla,69
3966,justo,54
3967,"non,",96
3968,magna,39
3969,"dui,",31
3970,lorem.,87
3971,condimentum.,79
3972,"purus,",11
3973,elit.,95
3974,Ut,91
3975,enim.,15
3976,est,32
3977,id,45
3978,ut,56
3979,"ullamcorper,",8
3980,mollis,100
3981,cursus,6
3982,"ornare,",54
3983,at,14
3984,"eleifend,",96
3985,mauris.,94
3986,ligula,66
3987,natoque,7
3988,"non,",39
3989,fermentum,41
3990,Fusce,77
3991,sem,52
3992,Aenean,5
3993,"sed,",37
3994,egestas,44
3995,enim.,27
3996,eros.,92
3997,ante,74
3998,"lobortis,",39
3999,risus.,33
4000,quam.,47